/*
 Navicat Premium Data Transfer

 Source Server         : MySQL Server 80
 Source Server Type    : MySQL
 Source Server Version : 80017
 Source Host           : 118.25.66.23:3306
 Source Schema         : mymusic

 Target Server Type    : MySQL
 Target Server Version : 80017
 File Encoding         : 65001

 Date: 29/12/2020 16:30:12
*/

SET NAMES utf8mb4;
SET FOREIGN_KEY_CHECKS = 0;

-- ----------------------------
-- Table structure for admin
-- ----------------------------
DROP TABLE IF EXISTS `admin`;
CREATE TABLE `admin`  (
  `adminId` int(11) NOT NULL AUTO_INCREMENT COMMENT '管理员编号，主键',
  `username` varchar(30) CHARACTER SET utf8 COLLATE utf8_unicode_ci NOT NULL COMMENT '管理员账号',
  `password` varchar(64) CHARACTER SET utf8 COLLATE utf8_unicode_ci NOT NULL COMMENT '管理员密码',
  `adminName` varchar(50) CHARACTER SET utf8 COLLATE utf8_unicode_ci NOT NULL COMMENT '管理员名称',
  `userType` varchar(20) CHARACTER SET utf8 COLLATE utf8_unicode_ci NOT NULL COMMENT '管理员类型',
  PRIMARY KEY (`adminId`) USING BTREE
) ENGINE = InnoDB AUTO_INCREMENT = 2 CHARACTER SET = utf8 COLLATE = utf8_unicode_ci COMMENT = '存储管理员的账号信息' ROW_FORMAT = Dynamic;

-- ----------------------------
-- Records of admin
-- ----------------------------
INSERT INTO `admin` VALUES (1, 'admin', 'admin', '靖王', '普通管理员');

-- ----------------------------
-- Table structure for cd
-- ----------------------------
DROP TABLE IF EXISTS `cd`;
CREATE TABLE `cd`  (
  `cdId` int(11) NOT NULL AUTO_INCREMENT COMMENT '专辑ID',
  `name` varchar(50) CHARACTER SET utf8 COLLATE utf8_unicode_ci NOT NULL COMMENT '专辑名称',
  `coverUrl` varchar(255) CHARACTER SET utf8 COLLATE utf8_unicode_ci NOT NULL COMMENT '专辑封面图片',
  `num` int(11) NOT NULL COMMENT '歌曲数量',
  `publicDate` datetime(0) NULL DEFAULT NULL COMMENT '发布日期',
  `singerId` int(11) NOT NULL COMMENT '歌手ID，外键',
  `introduction` text CHARACTER SET utf8 COLLATE utf8_unicode_ci NULL COMMENT '简介',
  `collectionCount` int(11) NOT NULL COMMENT '收藏次数',
  PRIMARY KEY (`cdId`) USING BTREE,
  INDEX `FK_Reference_4`(`singerId`) USING BTREE,
  CONSTRAINT `FK_Reference_4` FOREIGN KEY (`singerId`) REFERENCES `singer` (`singerId`) ON DELETE RESTRICT ON UPDATE RESTRICT
) ENGINE = InnoDB AUTO_INCREMENT = 1 CHARACTER SET = utf8 COLLATE = utf8_unicode_ci ROW_FORMAT = Dynamic;

-- ----------------------------
-- Table structure for comment
-- ----------------------------
DROP TABLE IF EXISTS `comment`;
CREATE TABLE `comment`  (
  `id` int(11) NOT NULL AUTO_INCREMENT COMMENT '主键',
  `userId` int(11) NOT NULL COMMENT '用户ID',
  `username` varchar(255) CHARACTER SET utf8 COLLATE utf8_unicode_ci NOT NULL COMMENT '用户名',
  `type` tinyint(1) NOT NULL COMMENT '评论类型（0歌曲1歌单2专辑）',
  `songId` int(11) NULL DEFAULT NULL COMMENT '歌曲ID',
  `songName` varchar(255) CHARACTER SET utf8 COLLATE utf8_unicode_ci NULL DEFAULT NULL COMMENT '歌曲名称',
  `songListId` int(11) NULL DEFAULT NULL COMMENT '歌单ID',
  `songListName` varchar(255) CHARACTER SET utf8 COLLATE utf8_unicode_ci NULL DEFAULT NULL COMMENT '歌单名称',
  `cdId` int(11) NULL DEFAULT NULL COMMENT '专辑ID',
  `singerName` varchar(255) CHARACTER SET utf8 COLLATE utf8_unicode_ci NULL DEFAULT NULL COMMENT '歌手名称',
  `context` text CHARACTER SET utf8 COLLATE utf8_unicode_ci NOT NULL COMMENT '评论内容',
  `createDate` datetime(0) NOT NULL COMMENT '创建时间',
  `up` int(11) NOT NULL COMMENT '点赞次数',
  PRIMARY KEY (`id`) USING BTREE,
  INDEX `FK_Reference_10`(`songId`) USING BTREE,
  INDEX `FK_Reference_11`(`cdId`) USING BTREE,
  INDEX `FK_Reference_8`(`userId`) USING BTREE,
  INDEX `FK_Reference_9`(`songListId`) USING BTREE,
  CONSTRAINT `FK_Reference_10` FOREIGN KEY (`songId`) REFERENCES `song` (`songId`) ON DELETE RESTRICT ON UPDATE RESTRICT,
  CONSTRAINT `FK_Reference_11` FOREIGN KEY (`cdId`) REFERENCES `cd` (`cdId`) ON DELETE RESTRICT ON UPDATE RESTRICT,
  CONSTRAINT `FK_Reference_8` FOREIGN KEY (`userId`) REFERENCES `user` (`userId`) ON DELETE RESTRICT ON UPDATE RESTRICT,
  CONSTRAINT `FK_Reference_9` FOREIGN KEY (`songListId`) REFERENCES `songlist` (`songListId`) ON DELETE RESTRICT ON UPDATE RESTRICT
) ENGINE = InnoDB AUTO_INCREMENT = 19 CHARACTER SET = utf8 COLLATE = utf8_unicode_ci ROW_FORMAT = Dynamic;

-- ----------------------------
-- Records of comment
-- ----------------------------
INSERT INTO `comment` VALUES (1, 4, '小青', 0, 2, '周杰伦-听妈妈的话', NULL, NULL, NULL, NULL, '        “小朋友，你是否有很多问号？”\r\n        你一定见过这句前段时间很流行的网络语，因为它实在是太火了，火到出现了很多变体，如“小问号，你是否有很多朋友”等。但你知道这句流行语出自哪里吗？当然不是《蓝猫淘气三千问》，也不是《十万个为什么》，而是周杰伦的歌曲《听妈妈的话》。\r\n        《听妈妈的话》收录在周杰伦2006年9月发行的专辑《依然范特西》中。其歌词正能量满满，具有潜移默化的教育意义，因而入选了台北教育大学附属实验国民小学一年级教材。难能可贵的是，这首歌词并非由方文山所写，而是周杰伦亲自操刀的。周杰伦能写的，可远不仅是“哥练的胸肌”。\r\n        写给妈妈的歌很容易落入俗套，毕竟写的人太多了。但周杰伦到底是周杰伦，他巧妙地挣脱俗套，写出了一首新颖别致的母亲赞歌。那么，他是怎么做到别出心裁的呢？在我看来，这首歌的创新点至少有以下三个： \r\n        一、两个自己的对话假如周杰伦以长辈的姿态，直接在歌词中劝晚辈们要听妈妈的话，这首歌就会显得说教味太浓，甚至会招致听者的反感。没有谁真的很愿意听别人讲太多大道理。周杰伦采取的叙述方式是，设定了如今的自己与曾经的自己两个角色，让如今这个功成名就的自己，去劝诫曾经那个乳臭未干的自己：自己如今的成功，离不开妈妈曾经的苦心劝导，所以要听妈妈的话。\r\n        二、轻松调侃的语气包括“小朋友，你是否有很多问号”在内的许多歌词，都是周杰伦以轻松调侃的语气唱出的，消解了由母爱的那份庄重带来的严肃感。在这一点上体现得更明显的歌词还有“你会开始学其他同学在书包写东写西”、“用功读书，怎么会从我嘴巴说出”、“童年写的情书，你写完不要送人，因为过两天你会在操场上捡到”等，充满了周杰伦对曾经的自己的自嘲，使人听来哑然失笑。\r\n        三、天真烂漫的视角周杰伦的老粉应该会发现，这么多年过去了，人到中年的杰伦仿佛仍心在童年，写的歌依旧童趣盎然。2020年的他尚且如此，更何况2006年？《听妈妈的话》中的一些语句，没有童心的人是写不出来的，如“我说我要一台大大的飞机，但却得到一台旧旧录音机”、“有空就多多握握她的手，把手牵着一起梦游”、“我会遇到周润发，所以你可以跟同学炫耀赌神未来是你爸爸”等，充分表现了周杰伦的幼稚，啊不，天真烂漫。也正因为这一份童真，这首歌才能真的唱进小朋友们的心，让他们听妈妈的话。\r\n        最后我再推荐两首关于母亲的好歌——五月天的《洗衣机》和邓小巧的《云吞》。希望大家务必去听，这两首歌发人深省。', '2020-11-18 11:55:17', 8);
INSERT INTO `comment` VALUES (2, 5, '小王', 0, 2, '周杰伦-听妈妈的话', NULL, NULL, NULL, NULL, '今天老妈生日\r\n\r\n听到这歌\r\n\r\n哭了', '2020-11-18 14:34:33', 4);
INSERT INTO `comment` VALUES (3, 5, '小王', 0, 1, '周杰伦-晴日', NULL, NULL, NULL, NULL, '我是第一，抢占沙发！！！！', '2020-11-18 14:35:45', 1);
INSERT INTO `comment` VALUES (4, 5, '小王', 0, 32, '张杰-天下', NULL, NULL, NULL, NULL, '歌好，词人曲人创作的都好，古风韵味，有人在网上玩了个（天下）配（琅琊榜）的情境，惊到我了，还以为这剧主题曲就是天下呢，太配了，霸气与柔情同时存在，这歌让张杰唱的面面俱到，在这歌上，他的唱功唱商都十分到位，还有一首（勿忘心安）词曲及他的唱功唱商也十分好，就是第二首太费嗓子要少唱，（三生三世）（剑心）（如歌）（经典咏流传主题曲）（少年中国说）（我们都一样）（高飞）（明天过后）（一路之下）（最接近天堂的地方）（just the way you are）(夜空中最亮的星).快男时（是否我真的一无所有），（我的未来不是梦）（情深深雨蒙蒙）（angel）（better man），（give you my world）在天籁上的多数歌，有原唱有改动翻唱，这些歌都可以，歌词歌曲及他的唱商都十分契合。（无情的情书）(自己)这两首听一遍就好，其中的高音应当冰封了（我们网上听到的可能是后期修音了）怪吓人的，他唱功好，就是声音强弱仅用嗓子控制，用麦不灵活，应当适着用侧方拉麦一起控制。我的歌单里就主要听这些分享给你。其他的要不没听过要不词不顺，要不理解不了词的意思（eg天上掉下个林妹妹），要不唱商过了要不唱商有一点点不足（他不懂只听到声音美唱功好感不到有些内疚伤感），周华健（三生三世）好听，就是一点有种曲风由仙侠变武侠了，呵呵！两林两张中感觉张杰唱的有些直，有些许jj的转音就好了，可以向林志炫（一只脚已经迈入艺术家行列）学些歌曲的理解欣赏度，本人无恶意，也非以上几位的粉丝或黑粉，请不要留言争吵或恶语相向，我只是听，觉得不错的歌。', '2020-11-18 14:36:55', 4);
INSERT INTO `comment` VALUES (5, 4, '小青', 0, 30, '张杰-仰望星空', NULL, NULL, NULL, NULL, '第一第一！！\r\n沙发沙发！！！\r\n', '2020-11-18 18:41:25', 0);
INSERT INTO `comment` VALUES (6, 4, '小青', 0, 30, '张杰-仰望星空', NULL, NULL, NULL, NULL, '沙发沙发！！！\r\nOKOK!!!!!', '2020-11-18 18:41:34', 0);
INSERT INTO `comment` VALUES (10, 4, '小青', 0, 27, '周杰伦-烟花易冷', NULL, NULL, NULL, NULL, '非常好听，欢迎大家来听！！！\r\n', '2020-11-18 19:30:04', 2);
INSERT INTO `comment` VALUES (11, 4, '小青', 0, 27, '周杰伦-烟花易冷', NULL, NULL, NULL, NULL, 'yes,    yes, go go go！！！', '2020-11-18 19:30:35', 0);
INSERT INTO `comment` VALUES (12, 4, '小青', 0, 27, '周杰伦-烟花易冷', NULL, NULL, NULL, NULL, '雨纷纷 旧故里草木深', '2020-11-18 19:30:50', 0);
INSERT INTO `comment` VALUES (13, 4, '小青', 0, 28, '周杰伦-夜曲', NULL, NULL, NULL, NULL, '我用漂亮的押韵\r\n形容被掠夺一空的爱情', '2020-11-18 19:31:17', 0);
INSERT INTO `comment` VALUES (14, 4, '小青', 0, 28, '周杰伦-夜曲', NULL, NULL, NULL, NULL, '沙发沙发！！！', '2020-11-18 19:31:25', 0);
INSERT INTO `comment` VALUES (15, 4, '小青', 0, 28, '周杰伦-夜曲', NULL, NULL, NULL, NULL, '第一第一！！！', '2020-11-18 19:31:32', 0);
INSERT INTO `comment` VALUES (16, 4, '小青', 0, 25, '周杰伦-告白气球', NULL, NULL, NULL, NULL, '这是本首歌曲的第一条评论！！！', '2020-11-18 19:31:52', 1);
INSERT INTO `comment` VALUES (17, 4, '小青', 0, 25, '周杰伦-告白气球', NULL, NULL, NULL, NULL, '加油加油！！！\r\n继续~~~', '2020-11-18 19:32:00', 0);
INSERT INTO `comment` VALUES (18, 4, '小青', 0, 25, '周杰伦-告白气球', NULL, NULL, NULL, NULL, 'GO，GO，GO！！！', '2020-11-18 19:32:12', 0);

-- ----------------------------
-- Table structure for singer
-- ----------------------------
DROP TABLE IF EXISTS `singer`;
CREATE TABLE `singer`  (
  `singerId` int(11) NOT NULL AUTO_INCREMENT COMMENT '主键',
  `name` varchar(30) CHARACTER SET utf8 COLLATE utf8_unicode_ci NOT NULL COMMENT '姓名',
  `englishName` varchar(255) CHARACTER SET utf8 COLLATE utf8_unicode_ci NOT NULL COMMENT '英文名（方便查找）',
  `sex` tinyint(1) NOT NULL COMMENT '性别（0女1男2组合3未知',
  `pic` varchar(255) CHARACTER SET utf8 COLLATE utf8_unicode_ci NULL DEFAULT NULL COMMENT '头像',
  `birth` datetime(0) NOT NULL COMMENT '生日',
  `location` varchar(255) CHARACTER SET utf8 COLLATE utf8_unicode_ci NOT NULL COMMENT '地区',
  `introduction` text CHARACTER SET utf8 COLLATE utf8_unicode_ci NULL COMMENT '简介',
  `accessCount` int(11) NOT NULL COMMENT '热度，访问次数，默认0',
  `collectionCount` int(11) NOT NULL COMMENT '收藏次数',
  `debutDate` datetime(0) NULL DEFAULT NULL COMMENT '出道时间',
  PRIMARY KEY (`singerId`) USING BTREE
) ENGINE = InnoDB AUTO_INCREMENT = 9 CHARACTER SET = utf8 COLLATE = utf8_unicode_ci ROW_FORMAT = Dynamic;

-- ----------------------------
-- Records of singer
-- ----------------------------
INSERT INTO `singer` VALUES (1, '周杰伦', 'ZHOUJIELUN', 1, 'other/img//zhoujielun.jpg', '1979-01-18 00:00:00', '中国台湾', '周杰伦（Jay Chou），1979年1月18日出生于台湾省新北市，祖籍福建省泉州市永春县，中国台湾流行乐男歌手、原创音乐人、演员、导演、编剧，毕业于淡江中学。', 4003, 0, '2000-11-06 00:00:00');
INSERT INTO `singer` VALUES (2, '张杰', 'ZHANGJIE', 1, 'other/img//zhangjie.jpg', '1982-12-20 00:00:00', '中国四川', '张杰（Jason Zhang），1982年12月20日出生于四川省成都市，中国流行男歌手。2004年参加歌唱类选秀《我型我秀》，获得全国总冠军并出道。2007年参加歌唱类选秀《快乐男声》，获得总决赛第四名；随后发行的EP《最美的太阳》拿下亚马逊年度唱片销量冠军。', 3500, 0, '2004-08-06 00:00:00');
INSERT INTO `singer` VALUES (4, '王力宏', 'WANGLIHONG', 1, 'other/img//wanglihong.jpg', '1976-05-17 00:00:00', '美国', '王力宏（Wang Leehom），1976年5月17日出生于美国纽约罗切斯特，祖籍中国浙江义乌，华语流行乐男歌手、音乐人、演员、导演，拥有威廉姆斯大学和伯克利音乐学院双荣誉博士的学历。1995年发行个人首张专辑《情敌贝多芬》，从而进入演艺圈。1998年凭借专辑《公转自转》获得关注，并于次年获得第10届台湾金曲奖最佳国语男演唱人奖、最佳唱片制作人奖。2000年以动作电影《雷霆战警》涉足影坛。', 2000, 0, '1995-12-19 00:00:00');
INSERT INTO `singer` VALUES (5, '李荣浩', 'LIRONGHAO', 1, 'other/img//lironghao.jpg', '1985-07-11 00:00:00', '中国安徽', '李荣浩（Ronghao Li），1985年7月11日出生于安徽省蚌埠市，中国内地流行乐男歌手、词曲创作人、音乐制作人、演员。2010年，发行首张个人音乐EP《小黄》。2013年，发行个人首张音乐专辑《模特》，凭该专辑成为首位获得台湾金曲奖“最佳新人奖”的中国大陆歌手。2014年，发行个人同名音乐专辑《李荣浩》，凭该专辑获得中国TOP排行榜内地年度最佳男歌手奖。', 2600, 0, '2020-09-09 00:00:00');
INSERT INTO `singer` VALUES (6, '许嵩', 'XUSONG', 1, 'other/img//xusong.jpg', '1986-05-14 00:00:00', '中国内地', '许嵩（Vae），1986年5月14日生于安徽省合肥市，中国内地流行乐男歌手、词曲创作人、音乐制作人，现任海蝶音乐公司（现为太合音乐集团）音乐总监，毕业于安徽医科大学。2009年1月发行首张词曲全创作专辑《自定义》。2010年1月发行第二张词曲全创作专辑《寻雾启示》。2011年4月发行第三张词曲全创作专辑《苏格拉没有底》。2012年7月发行第四张词曲全创作专辑《梦游计》。', 3600, 0, '2009-01-10 00:00:00');
INSERT INTO `singer` VALUES (7, '毛不易', 'MAOBUYI', 1, 'other/img//maobuyi.jpg', '1994-10-01 00:00:00', '中国内地', '毛不易，原名王维家，1994年10月1日出生于黑龙江省齐齐哈尔市泰来县，中国内地流行乐男歌手，毕业于杭州师范大学护理专业。\r\n2017年，参加腾讯视频选秀娱乐节目《明日之子》，获得全国总决赛冠军，从而正式进入演艺圈；11月11日，推出个人原创单曲《项羽虞姬》；12月28日，获得腾讯娱乐白皮书音乐年度之星奖。2018年1月7日，获得首届金鲛奖年度十佳网络新星奖 ；4月，作为“无限唱作人”参加江苏卫视音乐唱作类真人秀节目《无限歌谣季》；5月31日，推出首张个人录音室专辑《平凡的一天》；同年，获得亚洲新歌榜年度盛典年度最佳音乐人奖、亚洲音乐盛典最具潜力男歌手奖、年度最佳唱作人奖 。2019年3月25日，其演唱的歌曲《平凡的一天》获得第26届东方风云榜音乐盛典十大金曲奖、最佳作词奖；8月，获2019福布斯中国100名人榜荣誉。2020年1月，以首发歌手身份加盟湖南卫视音乐竞技节目《歌手·当打之年》；1月22日，推出第2张个人音乐专辑《小王》 。9月20日，举办毛不易2020“像我这样的人”线上演唱会。', 2600, 0, '2017-06-10 00:00:00');
INSERT INTO `singer` VALUES (8, '胡歌', 'HUGE', 1, 'other/img//huge.jpg', '1982-09-20 00:00:00', '中国内地', '歌 编辑 讨论99+ 上传视频\r\n胡歌，1982年9月20日出生于上海市徐汇区，中国内地男演员、歌手，民盟盟员。1996年，14岁的胡歌便成为上海教育电视台的小主持人，2005年毕业于上海戏剧学院表演系，同年在仙侠剧《仙剑奇侠传》中塑造了“李逍遥”一角，并演唱该剧插曲《六月的雨》《逍遥叹》。2006年8月遭受严重车祸，2007年6月复出。2009年主演仙侠剧《仙剑奇侠传三》，并演唱片尾曲《忘记时间》。', 4000, 0, '2004-03-27 00:00:00');

-- ----------------------------
-- Table structure for song
-- ----------------------------
DROP TABLE IF EXISTS `song`;
CREATE TABLE `song`  (
  `songId` int(11) NOT NULL AUTO_INCREMENT COMMENT '歌曲编号',
  `name` varchar(50) CHARACTER SET utf8 COLLATE utf8_unicode_ci NOT NULL COMMENT '歌曲名称',
  `singerId` int(11) NOT NULL COMMENT '歌手id，外键',
  `singerName` varchar(255) CHARACTER SET utf8 COLLATE utf8_unicode_ci NULL DEFAULT NULL COMMENT '歌手名',
  `cdId` int(11) NULL DEFAULT NULL COMMENT '专辑ID，外键',
  `language` varchar(50) CHARACTER SET utf8 COLLATE utf8_unicode_ci NOT NULL COMMENT '歌曲语种',
  `playCount` int(11) NOT NULL DEFAULT 0 COMMENT '播放次数（默认值为0）',
  `downloadCount` int(11) NOT NULL DEFAULT 0 COMMENT '下载次数',
  `collectionCount` int(11) NOT NULL DEFAULT 0 COMMENT '收藏次数',
  `publicDate` datetime(0) NOT NULL COMMENT '发布日期',
  `updateDate` datetime(0) NOT NULL COMMENT '更新日期',
  `url` varchar(255) CHARACTER SET utf8 COLLATE utf8_unicode_ci NOT NULL COMMENT '歌曲地址',
  `lyric` text CHARACTER SET utf8 COLLATE utf8_unicode_ci NOT NULL COMMENT '歌词',
  `time` double(10, 2) NOT NULL COMMENT '歌曲时长',
  `type` varchar(50) CHARACTER SET utf8 COLLATE utf8_unicode_ci NOT NULL COMMENT '歌曲类型',
  `uploader` varchar(255) CHARACTER SET utf8 COLLATE utf8_unicode_ci NULL DEFAULT NULL COMMENT '上传者',
  PRIMARY KEY (`songId`) USING BTREE,
  INDEX `FK_Reference_1`(`singerId`) USING BTREE,
  INDEX `FK_Reference_2`(`cdId`) USING BTREE,
  INDEX `FK_Reference_3`(`type`) USING BTREE,
  CONSTRAINT `FK_Reference_1` FOREIGN KEY (`singerId`) REFERENCES `singer` (`singerId`) ON DELETE RESTRICT ON UPDATE RESTRICT,
  CONSTRAINT `FK_Reference_2` FOREIGN KEY (`cdId`) REFERENCES `cd` (`cdId`) ON DELETE RESTRICT ON UPDATE RESTRICT
) ENGINE = InnoDB AUTO_INCREMENT = 44 CHARACTER SET = utf8 COLLATE = utf8_unicode_ci ROW_FORMAT = Dynamic;

-- ----------------------------
-- Records of song
-- ----------------------------
INSERT INTO `song` VALUES (1, '周杰伦-晴日', 1, '周杰伦', NULL, '汉语', 400, 24, 0, '2020-11-12 11:47:50', '2020-11-12 11:47:50', 'other/upload/周杰伦/周杰伦-晴天.mp3', '[00:00.00] 作曲 : 周杰伦\n[00:01.00] 作词 : 周杰伦\n[00:28.950]故事的小黄花\n[00:32.380]从出生那年就飘着\n[00:35.870]童年的荡秋千\n[00:39.370]随记忆一直晃到现在\n[00:42.440]ㄖㄨㄟ ㄙㄡ ㄙㄡ ㄒ一 ㄉㄡ ㄒ一ㄌㄚ\n[00:45.530]ㄙㄡ ㄌㄚ ㄒ一 ㄒ一 ㄒ一 ㄒ一 ㄌㄚ ㄒ一 ㄌㄚ ㄙㄡ\n[00:49.570]吹着前奏望着天空\n[00:52.870]我想起花瓣试着掉落\n[00:56.410]为你翘课的那一天\n[00:58.550]花落的那一天\n[01:00.190]教室的那一间\n[01:01.990]我怎么看不见\n[01:03.880]消失的下雨天\n[01:05.410]我好想再淋一遍\n[01:09.750]没想到失去的勇气我还留着\n[01:15.530]好想再问一遍\n[01:17.520]你会等待还是离开\n[01:24.500]刮风这天我试过握着你手\n[01:30.080]但偏偏雨渐渐大到我看你不见\n[01:38.450]还要多久我才能在你身边\n[01:44.870]等到放晴的那天也许我会比较好一点\n[01:52.330]从前从前有个人爱你很久\n[01:57.960]但偏偏风渐渐把距离吹得好远\n[02:06.240]好不容易又能再多爱一天\n[02:12.910]但故事的最后你好像还是说了拜拜\n[02:21.990]\n[02:34.660]为你翘课的那一天\n[02:36.500]花落的那一天\n[02:38.300]教室的那一间\n[02:40.040]我怎么看不见\n[02:41.780]消失的下雨天\n[02:43.680]我好想再淋一遍\n[02:47.610]没想到失去的勇气我还留着\n[02:54.090]好想再问一遍\n[02:55.650]你会等待还是离开\n[03:02.470]刮风这天我试过握着你手\n[03:07.900]但偏偏雨渐渐大到我看你不见\n[03:16.420]还要多久我才能在你身边\n[03:22.900]等到放晴的那天也许我会比较好一点\n[03:30.310]从前从前有个人爱你很久\n[03:36.440]偏偏风渐渐把距离吹得好远\n[03:44.290]好不容易又能再多爱一天\n[03:50.770]但故事的最后你好像还是说了拜拜\n[03:58.010]刮风这天我试过握着你手\n[04:01.760]但偏偏雨渐渐大到我看你不见\n[04:05.050]还要多久我才能够在你身边\n[04:08.630]等到放晴那天也许我会比较好一点\n[04:12.570]从前从前有个人爱你很久\n[04:15.510]但偏偏雨渐渐把距离吹得好远\n[04:18.950]好不容易又能再多爱一天\n[04:22.430]但故事的最后你好像还是说了拜', 270.00, '流行', '靖王');
INSERT INTO `song` VALUES (2, '周杰伦-听妈妈的话', 1, '周杰伦', NULL, '汉语', 350, 45, 0, '2020-11-12 15:16:44', '2020-11-13 17:02:18', 'other/upload/周杰伦/周杰伦-听妈妈的话.mp3', '[00:08.619]小朋友你是否有很多问号\n[00:12.049]为什么 别人在那看漫画 我却在学画画 对着钢琴说话\n[00:17.100]别人在玩游戏 我却靠在墙壁背我的ABC\n[00:20.359]我说我要一个大大的飞机 但却得到一台旧旧录音机\n[00:25.319]为什么要听妈妈的话 长大后你就会开始懂了这段话\n[00:30.278]长大后我开始明白\n[00:32.948]为什么我跑得比别人快 飞得比别人高\n[00:35.728]将来大家看的都是我画的漫画 大家唱的都是我写的歌\n[00:40.868]妈妈的辛苦不让你看见 温暖的食谱在她心里面\n[00:46.048]有空就多多握握她的手 把手牵着一起梦游\n[00:50.988]听妈妈的话 别让她受伤 想快快长大 才能保护她\n[01:10.300]美丽的白发 幸福中发芽 天使的魔法 温暖中慈祥\n[01:30.219]在你的未来 音乐是你的王牌 拿王牌谈个恋爱\n[01:36.180]唉!我不想把你教坏 还是听妈妈的话吧 晚点再恋爱吧\n[01:40.109]我知道你未来的路 但妈比我更清楚\n[01:42.997]你会开始学其他同学在书包写东写西\n[01:46.658]但我建议最好写妈妈我会用功读书\n[01:48.219]用功读书 怎么会从我嘴巴说出\n[01:50.348]不想你输 所以要叫你用功读书\n[01:52.988]妈妈织给你的毛衣 你要好好的收着\n[01:56.180]因为母亲节到时 我要告诉她我还留着\n[01:57.988]对了 我会遇到周润发\n[01:59.949]所以你可以跟同学炫耀赌神未来是你爸爸\n[02:02.798]我找不到童年写的情书 你写完不要送人\n[02:06.349]因为过两天你会在操场上捡到\n[02:08.999]你会开始喜欢上流行歌 因为张学友开始准备唱吻别\n[02:13.009]听妈妈的话 别让她受伤 想快快长大 才能保护她\n[02:32.299]美丽的白发 幸福中发芽 天使的魔法 温暖中慈祥\n[02:52.727]听妈妈的话 别让她受伤 想快快长大 才能保护她\n[03:13.699]长大后我开始明白\n[03:18.199]为什么我跑得比别人快 飞得比别人高\n[03:20.929]将来大家看的都是我画的漫画 大家唱的都是我写的歌\n[03:26.099]妈妈的辛苦不让你看见 温暖的食谱在她心里面\n[03:31.227]有空就多多握握她的手 把手牵着一起梦游\n[03:36.239]听妈妈的话 别让她受伤 想快快长大 才能保护她\n[03:54.939]美丽的白发 幸福中发芽 天使的魔法 温暖中慈祥', 263.00, '流行,情歌', '靖王');
INSERT INTO `song` VALUES (25, '周杰伦-告白气球', 1, '周杰伦', NULL, '汉语', 479, 44, 0, '2020-11-12 15:40:38', '2020-11-18 19:49:36', 'other/upload/周杰伦/周杰伦-告白气球.mp3', '[00:00.00] 作曲 : 周杰伦\r\n[00:01.00] 作词 : 方文山\r\n[00:32.840] 塞纳河畔 左岸的咖啡\r\n[00:35.438] 我手一杯 品尝你的美\r\n[00:38.655] 留下唇印的嘴\r\n[00:43.273] 花店玫瑰 名字写错谁\r\n[00:46.159] 告白气球 风吹到对街\r\n[00:49.225] 微笑在天上飞\r\n[00:53.503] 你说你有点难追 想让我知难而退\r\n[00:58.374] 礼物不需挑最贵 只要香榭的落叶\r\n[01:04.141] 喔 营造浪漫的约会 不害怕搞砸一切\r\n[01:09.205] 拥有你就拥有 全世界\r\n[01:14.289] 亲爱的 爱上你 从那天起\r\n[01:20.520] 甜蜜的很轻易\r\n[01:25.040] 亲爱的 别任性 你的眼睛\r\n[01:31.189] 在说我愿意\r\n[01:57.772] 塞纳河畔 左岸的咖啡\r\n[02:00.373] 我手一杯 品尝你的美\r\n[02:03.323] 留下唇印的嘴\r\n[02:08.304] 花店玫瑰 名字写错谁\r\n[02:10.954] 告白气球 风吹到对街\r\n[02:14.125] 微笑在天上飞\r\n[02:18.302] 你说你有点难追 想让我知难而退\r\n[02:23.187] 礼物不需挑最贵 只要香榭的落叶\r\n[02:28.500] 喔 营造浪漫的约会 不害怕搞砸一切\r\n[02:33.745] 拥有你就拥有 全世界\r\n[02:39.115] 亲爱的 爱上你 从那天起\r\n[02:45.012] 甜蜜的很轻易\r\n[02:49.827] 亲爱的 别任性 你的眼睛\r\n[02:55.829] 在说我愿意\r\n[03:00.627] 亲爱的 爱上你 恋爱日记\r\n[03:06.656] 飘香水的回忆\r\n[03:11.150] 一整瓶 的梦境 全都有你\r\n[03:17.249] 搅拌在一起\r\n[03:21.813] 亲爱的别任性 你的眼睛\r\n[03:31.562] 在说我愿意', 215.00, '流行,情歌,国语,现代', '靖王');
INSERT INTO `song` VALUES (26, '周杰伦-七里香', 1, '周杰伦', NULL, '汉语', 254, 35, 0, '2020-11-12 16:52:26', '2020-11-13 17:51:17', 'other/upload/周杰伦/周杰伦-七里香.mp3', '[00:00.00] 作曲 : 周杰伦\r\n[00:01.00] 作词 : 方文山\r\n[00:27.430]窗外的麻雀 在电线杆上多嘴\r\n[00:34.330]你说这一句 很有夏天的感觉\r\n[00:40.980]手中的铅笔 在纸上来来回回\r\n[00:47.300]我用几行字形容你是我的谁\r\n[00:54.030]秋刀鱼的滋味 猫跟你都想了解\r\n[01:01.100]初恋的香味就这样被我们寻回\r\n[01:07.400]那温暖的阳光 像刚摘的鲜艳草莓\r\n[01:14.140]你说你舍不得吃掉这一种感觉\r\n[01:20.450]雨下整夜 我的爱溢出就像雨水\r\n[01:27.240]院子落叶 跟我的思念厚厚一叠\r\n[01:33.920]几句是非 也无法将我的热情冷却\r\n[01:41.510]你出现在我诗的每一页\r\n[01:47.470]雨下整夜 我的爱溢出就像雨水\r\n[01:54.120]窗台蝴蝶 像诗里纷飞的美丽章节\r\n[02:00.840]我接着写 把永远爱你写进诗的结尾\r\n[02:08.350]你是我唯一想要的了解\r\n[02:14.660]\r\n[02:41.250]雨下整夜 我的爱溢出就像雨水\r\n[02:47.850]院子落叶 跟我的思念厚厚一叠\r\n[02:54.550]几句是非 也无法将我的热情冷却\r\n[03:02.150]你出现在我诗的每一页\r\n[03:07.790]\r\n[03:08.510]那饱满的稻穗 幸福了这个季节\r\n[03:15.850]而你的脸颊像田里熟透的蕃茄\r\n[03:21.870]你突然对我说 七里香的名字很美\r\n[03:28.560]我此刻却只想亲吻你倔强的嘴\r\n[03:35.010]雨下整夜 我的爱溢出就像雨水\r\n[03:41.680]院子落叶 跟我的思念厚厚一叠\r\n[03:48.300]几句是非 也无法将我的热情冷却\r\n[03:55.900]你出现在我诗的每一页\r\n[04:02.360]整夜 我的爱溢出就像雨水\r\n[04:08.520]窗台蝴蝶 像诗里纷飞的美丽章节\r\n[04:15.470]我接着写 把永远爱你写进诗的结尾\r\n[04:22.770]你是我唯一想要的了解\r\n[04:29.280]', 296.00, '流行', '靖王');
INSERT INTO `song` VALUES (27, '周杰伦-烟花易冷', 1, '周杰伦', NULL, '汉语', 158, 55, 0, '2020-11-12 16:56:36', '2020-11-13 17:53:00', 'other/upload/周杰伦/周杰伦-烟花易冷.mp3', '[by:立酱]\r\n[00:00.00] 作曲 : 周杰伦\r\n[00:01.00] 作词 : 方文山\r\n[00:03.00]编曲：黄雨勋\r\n[00:04.00]制作人：周杰伦\r\n[00:05.00]录音师：杨瑞代Gary\r\n[00:06.00]录音室：JVR Studio\r\n[00:07.00]混音工程：杨大纬录音工作室\r\n[00:12.09]繁华声 遁入空门 折煞了世人\r\n[00:18.01]梦偏冷 辗转一生 情债又几本\r\n[00:24.32]如你默认 生死枯等\r\n[00:30.55]枯等一圈 又一圈的 年轮\r\n[00:36.99]浮图塔 断了几层 断了谁的魂\r\n[00:43.28]痛直奔 一盏残灯 倾塌的山门\r\n[00:49.26]容我再等 历史转身\r\n[00:55.74]等酒香醇 等你弹 一曲古筝\r\n[01:02.17]雨纷纷 旧故里草木深\r\n[01:08.58]我听闻 你始终一个人\r\n[01:14.35]斑驳的城门 盘踞着老树根\r\n[01:20.65]石板上回荡的是 再等\r\n[01:26.93]雨纷纷 旧故里草木深\r\n[01:32.97]我听闻 你仍守着孤城\r\n[01:39.40]城郊牧笛声 落在那座野村\r\n[01:45.76]缘份落地生根是 我们\r\n[01:54.98]听青春 迎来笑声 羡煞许多人\r\n[02:01.37]那史册 温柔不肯 下笔都太狠\r\n[02:07.39]烟花易冷 人事易分\r\n[02:13.51]而你在问 我是否还 认真\r\n[02:19.70]千年后 累世情深 还有谁在等\r\n[02:25.80]而青史 岂能不真 魏书洛阳城\r\n[02:32.08]如你在跟 前世过门\r\n[02:39.02]跟着红尘 跟随我 浪迹一生\r\n[02:44.97]雨纷纷 旧故里草木深\r\n[02:50.96]我听闻 你始终一个人\r\n[02:57.47]斑驳的城门 盘踞着老树根\r\n[03:03.61]石板上回荡的是 再等\r\n[03:09.78]雨纷纷 旧故里草木深\r\n[03:15.95]我听闻 你仍守着孤城\r\n[03:22.40]城郊牧笛声 落在那座野村\r\n[03:28.68]缘份落地生根是 我们\r\n[03:35.34]雨纷纷 旧故里草木深\r\n[03:37.64]我听闻 你始终一个人\r\n[03:39.60]斑驳的城门 盘踞着老树根\r\n[03:41.47]石板上回荡的是 再等\r\n[03:42.89]雨纷纷 雨纷纷 旧故里草木深\r\n[03:44.77]我听闻 我听闻 你仍守着孤城\r\n[03:47.48]城郊牧笛声 落在那座野村\r\n[03:52.16]缘份落地生根是 我们\r\n[03:59.91]缘份落地生根是 我们\r\n[04:05.74]伽蓝寺听雨声盼 永恒', 262.00, '流行,情歌', '靖王');
INSERT INTO `song` VALUES (28, '周杰伦-夜曲', 1, '周杰伦', NULL, '汉语', 472, 32, 0, '2020-11-12 16:59:07', '2020-11-12 16:59:07', 'other/upload/周杰伦/周杰伦-夜曲.mp3', '[00:23.310]一群嗜血的蚂蚁 被腐肉所吸引\n[00:27.490]我面无表情 看孤独的风景\n[00:30.540]失去你 爱恨开始分明\n[00:33.030]失去你 还有什N事好关心\n[00:35.770]当鸽子不再象徵和平\n[00:37.550]我终于被提醒\n[00:38.910]广场上喂食的是秃鹰\n[00:41.580]我用漂亮的押韵\n[00:43.030]形容被掠夺一空的爱情\n[00:46.720]啊 乌云开始遮蔽 夜色不干净\n[00:49.520]公园里 葬礼的回音 在漫天飞行\n[00:52.380]送你的 白色玫瑰\n[00:53.820]在纯黑的环境凋零\n[00:55.520]乌鸦在树枝上诡异的很安静\n[00:57.880]静静听 我黑色的大衣\n[00:59.870]想温暖你 日渐冰冷的回忆\n[01:02.220]走过的 走过的 生命\n[01:03.650]啊 四周弥漫雾气\n[01:05.070]我在空旷的墓地\n[01:06.340]老去后还爱你\n[01:07.430]为你弹奏萧邦的夜曲\n[01:11.550]纪念我死去的爱情\n[01:14.300]跟夜风一样的声音\n[01:17.030]心碎的很好听\n[01:19.830]手在键盘敲很轻\n[01:22.570]我给的思念很小心\n[01:25.300]你埋葬的地方叫幽冥\n[01:29.990]为你弹奏萧邦的夜曲\n[01:33.570]纪念我死去的爱情\n[01:36.340]而我为你隐姓埋名\n[01:39.150]在月光下弹琴\n[01:41.900]对你心跳的感应\n[01:44.670]还是如此温热亲近\n[01:47.410]怀念你那鲜红的唇印\n[01:53.270]\n[02:14.540]那些断翅的蜻蜓 散落在这森林\n[02:17.600]而我的眼睛 没有丝毫同情\n[02:20.450]失去你 泪水混浊不清\n[02:22.950]失去你 我连笑容都有阴影\n[02:25.680]风在长满青苔的屋顶\n[02:27.310]嘲笑我的伤心\n[02:29.170]像一口没有水的枯井\n[02:31.510]我用凄美的字型\n[02:33.030]描绘后悔莫及的那爱情\n[02:36.590]为你弹奏萧邦的夜曲\n[02:39.380]纪念我死去的爱情\n[02:42.100]跟夜风一样的声音\n[02:44.890]心碎的很好听\n[02:47.640]手在键盘敲很轻\n[02:50.370]我给的思念很小心\n[02:53.150]你埋葬的地方叫幽冥\n[02:57.700]为你弹奏萧邦的夜曲\n[03:01.360]纪念我死去的爱情\n[03:04.220]而我为你隐姓埋名 在月光下弹琴\n[03:09.620]对你心跳的感应 还是如此温热亲近\n[03:15.170]怀念你那鲜红的唇印\n[03:20.810]一群嗜血的蚂蚁 被腐肉所吸引\n[03:23.630]我面无表情 看孤独的风景\n[03:26.660]失去你 爱恨开始分明\n[03:29.070]失去你 还有什N事好关心\n[03:31.860]当鸽子不再象徵和平\n[03:33.560]我终于被提醒\n[03:35.320]广场上喂食的是秃鹰\n[03:37.670]我用漂亮的押韵\n[03:38.970]形容被掠夺一空的爱情', 228.00, '流行', '靖王');
INSERT INTO `song` VALUES (30, '张杰-仰望星空', 2, '张杰', NULL, '汉语', 510, 14, 0, '2020-11-13 20:25:04', '2020-11-13 20:25:04', 'other/upload/张杰/张杰-仰望星空.mp3', '[ti:仰望星空]\r\n[ar:张杰]\r\n[00:00.266]\r\n[00:00.570]作曲：曾明维（Taiwan）\r\n[00:00.670]作词 : 邹振东\r\n[00:00.770]这一天我开始仰望星空发现\r\n[00:07.238]星并不远梦并不远只要你踮起脚尖\r\n[00:17.11]我相信有一双手把我轻轻牵到你的跟前\r\n[00:29.233]我相信有一根线将梦想与现实相连\r\n[00:45.389]我相信有一种缘会把所有的偶然都实现\r\n[00:57.346]我相信就是这一天命运开始改变\r\n[01:08.85]这一天我开始仰望星空发现\r\n[01:14.559]星并不远梦并不远只要你踮起脚尖\r\n[01:22.154]我从此不再彷徨也不再腼腆\r\n[01:28.621]张开双臂和你一起飞的更高看的更远\r\n[01:41.286]Music\r\n[01:52.845]我相信有一种缘会把所有的偶然都实现\r\n[02:04.543]我相信就是这一天命运开始改变\r\n[02:15.135]这一天我开始仰望星空发现\r\n[02:21.668]星并不远梦并不远只要你踮起脚尖\r\n[02:29.235]我从此不再彷徨也不再腼腆\r\n[02:35.717]张开双臂和你一起飞的更高看的更远\r\n[02:48.45]开始仰望星空感觉爱的时间空间\r\n[02:55.353]寻找生命中最灿烂的亮点\r\n[03:01.278]这一天我开始仰望星空发现\r\n[03:07.439]星并不远梦并不远只要你踮起脚尖\r\n[03:14.888]我从此不再彷徨也不再腼腆\r\n[03:21.630]张开双臂和你一起飞的更高看的更远\r\n[03:29.404]这一天我开始仰望星空发现\r\n[03:35.634]星并不远梦并不远只要你踮起脚尖\r\n[03:43.477]我从此不再彷徨也不再腼腆\r\n[03:49.834]张开双臂和你一起飞的更高看的更远\r\n[04:02.854]', 271.00, '流行,情歌', '靖王');
INSERT INTO `song` VALUES (31, '张杰-他不懂', 2, '张杰', NULL, '汉语', 180, 202, 0, '2020-11-13 20:26:05', '2020-11-13 20:26:05', 'other/upload/张杰/张杰-他不懂.mp3', '[00:00.00] 作曲 : 周振霆/代岳东\r\n[00:01.00] 作词 : 唐湘智\r\n[00:19.410]他留给你是背影\r\n[00:25.060]关于爱情只字不提\r\n[00:29.850]害你哭红了眼睛\r\n[00:34.780]他把谎言说的竟然那么动听\r\n[00:40.750]他不止一次骗了你\r\n[00:44.710]不值得你再为他伤心\r\n[00:48.380]他不懂你的心假装冷静\r\n[00:53.180]他不懂爱情把它当游戏\r\n[00:56.170]他不懂表明相爱这件事\r\n[01:00.060]除了对不起就只剩叹息\r\n[01:04.060]他不懂你的心为何哭泣\r\n[01:08.950]窒息到快要不能呼吸\r\n[01:16.700]喔喔\r\n[01:18.880]他不懂你的心\r\n[01:23.230]\r\n[01:36.550]他把回忆留给你\r\n[01:43.640]连同忧伤强加给你\r\n[01:48.300]对你说来不公平\r\n[01:54.610]他的谎言句句说的那么动听\r\n[01:58.750]他不止一次骗了你\r\n[02:03.640]不值得你再为他伤心\r\n[02:07.980]他不懂你的心假装冷静\r\n[02:11.880]他不懂爱情把它当游戏\r\n[02:15.720]他不懂表明相爱这件事\r\n[02:19.630]除了对不起就只剩叹息\r\n[02:23.960]他不懂你的心为何哭泣\r\n[02:27.970]窒息到快要不能呼吸\r\n[02:36.070]喔喔\r\n[02:38.630]他不懂你的心\r\n[02:42.630]\r\n[02:56.250]他不懂你的心假装冷静\r\n[02:59.990]他不懂爱情把它当游戏\r\n[03:03.860]他不懂表明相爱这件事\r\n[03:07.720]除了对不起就只剩叹息\r\n[03:11.570]他不懂你的心为何哭泣\r\n[03:15.640]窒息到快要不能呼吸\r\n[03:23.800]喔喔\r\n[03:26.320]他不懂你的心\r\n[03:49.834]张开双臂和你一起飞的更高看的更远\r\n[04:02.854]', 232.00, '流行', '靖王');
INSERT INTO `song` VALUES (32, '张杰-天下', 2, '张杰', NULL, '汉语', 111, 342, 0, '2020-11-13 20:31:19', '2020-11-13 20:31:19', 'other/upload/张杰/张杰-天下.mp3', '[00:00.00] 作曲 : 刘吉宁\r\n[00:01.00] 作词 : 周毅\r\n[00:26.800]烽烟起寻爱似浪淘沙\r\n[00:33.700]遇见她如春水映梨花\r\n[00:40.400]挥剑断天涯相思轻放下\r\n[00:46.900]梦中我痴痴牵挂\r\n[00:53.900]顾不顾将相王侯\r\n[00:55.800]管不管万世千秋\r\n[00:57.800]求只求爱化解\r\n[00:58.900]这万丈红尘纷乱永无休\r\n[01:01.400]爱更爱天长地久\r\n[01:02.800]要更要似水温柔\r\n[01:04.800]谁在乎谁主春秋\r\n[01:06.900]一生有爱何惧风飞沙\r\n[01:10.100]悲白发留不住芳华\r\n[01:13.900]抛去江山如画换她笑面如花\r\n[01:17.100]抵过这一生空牵挂\r\n[01:20.100]心若无怨爱恨也随他\r\n[01:23.300]天地大情路永无涯\r\n[01:27.100]只为她袖手天下\r\n[01:32.900]\r\n[02:00.900]顾不顾将相王侯\r\n[02:02.700]管不管万世千秋\r\n[02:03.900]求只求爱化解\r\n[02:05.800]这万丈红尘纷乱永无休\r\n[02:07.900]爱更爱天长地久\r\n[02:09.900]要更要似水温柔\r\n[02:11.800]谁在乎谁主春秋\r\n[02:13.400]一生有爱何惧风飞沙\r\n[02:16.700]悲白发留不住芳华\r\n[02:20.900]抛去江山如画换她笑面如花\r\n[02:24.600]抵过这一生空牵挂\r\n[02:26.900]心若无怨爱恨也随他\r\n[02:30.700]天地大情路永无涯\r\n[02:33.900]只为她袖手天下\r\n[02:39.900]\r\n[02:40.300]一生有爱何惧风飞沙\r\n[02:43.700]悲白发留不住芳华\r\n[02:47.400]抛去江山如画换她笑面如花\r\n[02:50.900]抵过这一生空牵挂\r\n[02:53.900]心若无怨爱恨也随他\r\n[02:56.900]天地大情路永无涯\r\n[02:59.900]只为她袖手天下\r\n[03:05.900]\r\n[03:06.900]烽烟起寻爱似浪淘沙\r\n[03:13.300]遇见她如春水映梨花\r\n[03:20.100]挥剑断天涯相思轻放下\r\n[03:26.900]梦中我痴痴牵挂\r\n[03:32.900]', 219.00, '流行,摇滚', '靖王');
INSERT INTO `song` VALUES (33, '张杰-如果爱', 2, '张杰', NULL, '汉语', 75, 22, 0, '2020-11-13 20:32:07', '2020-11-13 20:32:07', 'other/upload/张杰/张杰-如果爱.mp3', '[00:00.00] 作曲 : 黎沸辉\r\n [00:01.00] 作词 : 黎沸辉\r\n[00:04.16]如果爱\r\n[00:16.77]ah~~~ah~~\r\n[00:34.50]我的心从没有搬到另一个地址\r\n[00:40.57]还是和你用同样一室的钥匙\r\n[00:48.19]你的眼泪一滴一滴将回忆淋湿\r\n[00:54.64]你的拥抱却让呼吸变得真实\r\n[01:02.40]相爱的人 我能如何选择\r\n[01:09.29]伤痛和快乐全都是重复的规则\r\n[01:16.22]如果爱只是拉拉扯扯\r\n[01:19.65]两个人都动弹不得\r\n[01:23.10]如果爱已经少了快乐\r\n[01:26.68]为何心痛不能割舍\r\n[01:30.25]如果爱已经慢慢褪色\r\n[01:33.83]两颗心都失去颜色\r\n[01:37.25]如果爱已是非爱不可\r\n[01:40.79]又何必问他是否值得\r\n[01:44.54]可爱情在猜疑下渐渐冰冷\r\n[02:01.08]我的心从没有搬到另一个地址\r\n[02:12.48]还是和你用同样一室的钥匙\r\n[02:20.14]你的眼泪一滴一滴将回忆淋湿\r\n[02:26.32]你的拥抱却让呼吸变得真实\r\n[02:34.11]相爱的人 我能如何选择\r\n[02:41.14]伤痛和快乐全都是重复的规则\r\n[02:45.35]如果爱只是拉拉扯扯\r\n[02:51.65]两个人都动弹不得\r\n[02:54.99]如果爱已经少了快乐\r\n[02:58.80]为何心痛不能割舍\r\n[03:02.11]如果爱已经慢慢褪色\r\n[03:05.67]两颗心都失去颜色\r\n[03:09.14]如果爱已是非爱不可\r\n[03:12.70]又何必问他是否值得\r\n[03:16.50]看爱情在猜疑下～\r\n[03:20.04]如果爱只是拉拉扯扯\r\n[03:23.02]两个人都动弹不得\r\n[03:25.41]如果爱已经少了快乐\r\n[03:30.42]为何心痛不能割舍\r\n[03:33.76]如果爱已经慢慢褪色\r\n[03:37.30]两颗心都失去颜色\r\n[03:40.74]如果爱已是非爱不可\r\n[03:44.17]又何必问他是否值得\r\n[03:48.39]看爱情在猜疑下渐渐冰冷\r\n[03:52.17]又何必问他是否值得\r\n[03:55.76]如果爱已是非爱 非爱不可～\r\n[03:59.28]两颗心都失去了颜色\r\n[04:03.00]看爱情在猜疑下渐渐冰冷\r\n[04:06.58]又何必问他是否值得\r\n[04:09.79]如果爱已是非爱 非爱不可～\r\n[04:13.49]两颗心都失去了颜色', 262.00, '流行', '靖王');
INSERT INTO `song` VALUES (34, '张杰-逆战', 2, '张杰', NULL, '汉语', 268, 40, 0, '2020-11-13 20:32:52', '2020-11-13 20:32:52', 'other/upload/张杰/张杰-逆战.mp3', '[02:48.369]瓦解对手力量\r\n[02:52.239]熊熊气势再出发\r\n[02:55.245]逆战逆战来也\r\n[02:57.446]王牌要狂野\r\n[02:59.498]闯荡宇宙摆平世界\r\n[03:02.973]Oooh!逆战逆战狂野\r\n[03:05.478]王牌要发泄\r\n[03:07.436]战斗是我们倔强起点\r\n[03:11.692]我要操控我的权势\r\n[03:14.49]张扬我的声势\r\n[03:16.251]看这场龙战在野\r\n[03:19.03]这战场千百热血战士\r\n[03:22.58]一路向前飞驰\r\n[03:24.309]捍卫世界的勇士\r\n[03:26.814]Fighting!再一决\r\n[03:33.578]', 231.00, '流行,摇滚', '靖王');
INSERT INTO `song` VALUES (35, '张杰-逆态度', 2, '张杰', NULL, '国语', 44, 54, 0, '2020-11-18 19:57:27', '2020-11-18 19:57:27', 'other/upload/张杰/张杰-逆态度.mp3', '[00:00.00] 作曲 : 唐湘智\r\n[00:01.00] 作词 : 李焯雄\r\n[00:23.100]要战出我的逆态度\r\n[00:26.330]谁说人是习惯动物\r\n[00:29.160]不敢颠覆这世俗又算什么人物yeah\r\n[00:35.290]沉默会被错误解读\r\n[00:38.170]进攻是最好的防护\r\n[00:40.940]不被污染这质朴戴上谁的脸谱yeah\r\n[00:46.750]成功不只一种配方\r\n[00:49.360]谁要一模一样\r\n[00:51.990]足够梦想足够疯狂\r\n[00:55.060]也许情况就不一样\r\n[00:57.730]自我燃烧不是狂妄\r\n[01:00.820]谁要一模一样\r\n[01:03.460]突破平凡突破框框\r\n[01:06.590]也许有我就不一样\r\n[01:09.390]光逆风飞翔的凤凰\r\n[01:12.140]光逆境之中逆生长\r\n[01:14.710]光逆态度的自信光芒\r\n[01:20.770]光逆风飞翔的凤凰\r\n[01:23.710]光逆境之中逆生长\r\n[01:26.560]光逆战一切自信光芒\r\n[01:30.500]敢于和天再较量\r\n[01:32.760]勇敢说不的逆态度\r\n[01:35.700]谁说人是习惯动物\r\n[01:38.550]不敢颠覆这世俗又算什么人物yeah\r\n[01:45.320]沉默会被错误解读\r\n[01:48.750]进攻是最好的防护\r\n[01:51.130]不被污染这质朴戴上谁的脸谱yeah\r\n[01:56.850]成功不只一种配方\r\n[01:59.650]谁要一模一样\r\n[02:02.320]足够梦想足够疯狂\r\n[02:05.360]也许情况就不一样\r\n[02:08.130]自我燃烧不是狂妄\r\n[02:11.210]谁要一模一样\r\n[02:13.890]突破平凡突破框框\r\n[02:17.200]也许有我就不一样\r\n[02:19.820]光逆风飞翔的凤凰\r\n[02:22.630]光逆境之中逆生长\r\n[02:25.620]光逆态度的自信光芒\r\n[02:31.670]光逆风飞翔的凤凰\r\n[02:34.610]光逆境之中逆生长\r\n[02:37.370]光逆战一切自信光芒\r\n[02:41.500]敢于和天再较量\r\n[02:43.510]\r\n[02:55.160]自我否定就等于投降\r\n[02:57.650]就算被指指点点不卑不亢\r\n[03:00.270]全部自己扛当仁不让\r\n[03:03.330]逆转形势要再打一仗\r\n[03:06.170]没有理由要轻易投降\r\n[03:09.230]就算被指指点点不卑不亢\r\n[03:12.290]坚持自己证明是谁在说谎\r\n[03:15.090]逆转这形势拒绝被谁驯养\r\n[03:18.270]光逆向飞翔的凤凰\r\n[03:21.100]光逆境之中逆生长\r\n[03:24.230]光逆态度的自信光芒\r\n[03:29.790]光逆向飞翔的凤凰\r\n[03:32.700]光逆境之中逆生长\r\n[03:35.880]光逆战一切自信光芒\r\n[03:39.530]敢于和天再较量\r\n[03:42.850]', 234.00, '流行,摇滚,国语', '靖王');
INSERT INTO `song` VALUES (36, '张杰-何必在一起', 2, '张杰', NULL, '国语', 184, 42, 0, '2020-11-18 19:58:35', '2020-11-18 19:58:35', 'other/upload/张杰/张杰-何必在一起.mp3', '[00:00.00] 作曲 : 梁晓雪　\r\n [00:01.00] 作词 : 梁晓雪/赵阳\r\n[00:33.728]夜夜的那么美丽\r\n[00:39.127]有人欢笑有人却在哭泣\r\n[00:46.180]尘封的记忆残留着邂逅的美丽\r\n[00:52.198]辗转反侧的我失眠在夜里\r\n[01:00.989]你你带走的呼吸\r\n[01:06.137]吻不到你那感觉多委屈\r\n[01:12.687]分岔的爱情让眼泪隔出银河的距离\r\n[01:20.980]轻轻关上门\r\n[01:22.980]让眼泪不逃避\r\n[01:29.928]何必要在一起\r\n[01:35.190]让我爱上你\r\n[01:37.598]至少自己过得不必太压抑\r\n[01:43.617]何必要在一起\r\n[01:47.937]逃出生命里\r\n[01:51.187]才让这个夜显得那么空虚\r\n[01:57.988]何必要在一起\r\n[02:01.587]让我爱上你\r\n[02:05.970]感觉你的呼吸是那么清晰\r\n[02:11.790]何必要在一起\r\n[02:15.399]让我没勇气\r\n[02:19.600]让我独自在这寒冷的夜里\r\n[02:24.799]何必要在一起\r\n[02:55.959]\r\n[02:59.519]何必要在一起\r\n[03:04.619]让我爱上你\r\n[03:08.140]至少自己过得不必太压抑\r\n[03:14.140]何必要在一起\r\n[03:18.799]逃出生命里\r\n[03:21.820]才让这个夜显得那么空虚\r\n[03:27.820]何必要在一起\r\n[03:32.790]让我爱上你\r\n[03:35.579]感觉你的呼吸是那么清晰\r\n[03:41.500]何必要在一起\r\n[03:45.880]让我没勇气\r\n[03:49.899]让我独自在着寒冷的夜里\r\n[03:54.820]何必要在一起\r\n[04:01.980]何必要在一起\r\n[04:07.440]让我爱上你\r\n[04:17.470]', 275.00, '流行,国语', '靖王');
INSERT INTO `song` VALUES (37, '张杰-剑心', 2, '张杰', NULL, '国语', 45, 12, 0, '2020-11-18 19:59:21', '2020-11-18 19:59:21', 'other/upload/张杰/张杰-剑心.mp3', '[00:00.00] 作曲 : 谭旋\r\n[00:01.00] 作词 : 段思思\r\n[00:20.120]编曲：王文颖\r\n[00:22.120]录混：马涛（上海谭旋音乐工作室）\r\n[00:26.120]尘封在星蕴重明的魂魄\r\n[00:32.130]叫醒了恍惚梦魇的无措\r\n[00:38.320]揭开这宿命的脉络\r\n[00:42.410]\r\n[00:44.220]逃不开 这一世的寂寞\r\n[00:50.000]往后是阴霾\r\n[00:51.300]往前是山隘\r\n[00:52.870]想逃也逃不开\r\n[00:55.890]命运再主宰\r\n[00:57.380]执着的心也不会更改\r\n[01:01.650]哪管桑田\r\n[01:04.340]哪管沧海\r\n[01:11.370]听琴声潇潇\r\n[01:14.290]该忘的忘不掉\r\n[01:17.380]红尘 困住我年少\r\n[01:23.500]原谅我藏在心里燎燎的狂傲\r\n[01:29.610]去战 面对天地荡浩\r\n[01:35.820]人生也潇潇 魂牵梦绕\r\n[01:39.070]像烈焰燃烧\r\n[01:41.840]前尘 看浮沉走一遭\r\n[01:48.020]用冷的锋刃琴的寂寥\r\n[01:51.270]写往事今朝\r\n[01:54.430]孤剑 指尖 谈笑\r\n[02:13.640]人心间有没有一种解药\r\n[02:19.670]能覆盖是非恩仇的喧嚣\r\n[02:25.830]屠俘了焚寂的剑鞘\r\n[02:31.870]斩不断 这一生的桀骜\r\n[02:38.140]往后是阴霾\r\n[02:39.720]往前是山隘\r\n[02:42.070]想逃也逃不开\r\n[02:44.780]命运再主宰\r\n[02:46.350]执着的心也不会更改\r\n[02:50.950]哪管桑田\r\n[02:53.250]哪管沧海\r\n[03:00.230]听琴声潇潇\r\n[03:03.200]该忘的忘不掉\r\n[03:06.390]红尘 困住我年少\r\n[03:12.390]原谅我藏在心里燎燎的狂傲\r\n[03:18.490]去战 面对天地荡浩\r\n[03:24.710]人生也潇潇 魂牵梦绕\r\n[03:28.090]像烈焰燃烧\r\n[03:30.890]前尘 看浮沉走一遭\r\n[03:36.930]用冷的锋刃琴的寂寥\r\n[03:40.580]写往事今朝\r\n[03:44.590]孤剑 指尖 谈笑\r\n[03:48.150]', 251.00, '流行,影视音乐', '靖王');
INSERT INTO `song` VALUES (38, '毛不易-那时的我们', 7, '毛不易', NULL, '国语', 88, 55, 0, '2020-11-18 20:01:11', '2020-11-18 20:01:11', 'other/upload/毛不易/毛不易-那时的我们.mp3', '[00:00.29]毛不易 - 那时的我们\r\n[00:01.91]作词：毛不易\r\n[00:02.87]作曲：毛不易\r\n[00:03.88]制作人：谭伊哲\r\n[00:04.95]编曲：黄竣琮、TYZ\r\n[00:06.51]混音：刘天鸿\r\n[00:07.47]吉他：黄竣琮\r\n[00:08.48]鼓：陈志昆\r\n[00:09.24]贝斯：王瀚一\r\n[00:10.25]和声：梁古驰\r\n[00:17.05]透过这时光向后望\r\n[00:20.49]来时的脚印是什么形状\r\n[00:24.19]歪歪扭扭却三三两两\r\n[00:27.68]是你啊一直在我身旁\r\n[00:31.68]久违的旋律轻轻淌\r\n[00:35.37]顺着回忆的方向\r\n[00:39.17]流光溢彩的小世界\r\n[00:42.50]是不是也别来无恙\r\n[00:47.44]敲下回忆的空白键\r\n[00:50.37]一起回到相遇那天\r\n[00:53.68]好像青春的誓言\r\n[00:56.10]从来都不曾飘远\r\n[01:01.67]那时我们有一双翅膀\r\n[01:05.42]飞过高山海洋\r\n[01:08.81]那时我们指尖有星光\r\n[01:12.81]照亮彼此的前方\r\n[01:16.21]就像年轻的水手要去远航\r\n[01:20.36]在风雨里成长\r\n[01:23.75]那些有你陪伴的时光\r\n[01:28.46]依然藏在手掌\r\n[01:47.31]敲下回忆的空白键\r\n[01:50.40]一起回到相遇那天\r\n[01:53.80]一串节奏\r\n[01:55.11]将我们的心跳紧紧相连\r\n[02:01.64]那时我们有一双翅膀\r\n[02:05.49]飞过高山海洋\r\n[02:08.78]那时我们指尖有星光\r\n[02:12.97]照亮彼此的前方\r\n[02:16.26]就像年轻的水手要去远航\r\n[02:20.31]在风雨里成长\r\n[02:23.79]那些有你陪伴的时光\r\n[02:28.54]依然藏在手掌\r\n[02:31.64]今天我们有一双翅膀\r\n[02:35.44]飞过高山海洋\r\n[02:38.84]今天我们指尖有星光\r\n[02:43.04]照亮彼此的前方\r\n[02:46.28]放下故作成熟的模样\r\n[02:50.28]穿上最爱的衣裳\r\n[02:53.72]回到青春的舞台亮起灯光\r\n[02:57.87]重新闪亮登场\r\n[03:01.57]那个青春的舞台亮着灯光\r\n[03:05.63]你和我闪亮登场', 207.00, '流行,轻音乐', '靖王');
INSERT INTO `song` VALUES (39, '毛不易-无问', 7, '毛不易', NULL, '国语', 79, 125, 0, '2020-11-18 20:01:58', '2020-11-18 20:01:58', 'other/upload/毛不易/毛不易-无问.mp3', '[00:01.25]毛不易 - 无问(电影《无问西东》宣传曲)\r\n[00:04.20]作词：毛不易\r\n[00:05.11]作曲：毛不易\r\n[00:06.59]编曲：刘卓\r\n[00:07.19]制作人：刘卓\r\n[00:08.00]混音：周天澈\r\n[00:08.66]配唱制作人：刘芳\r\n[00:09.58]弦乐编写：靳锐\r\n[00:10.34]弦乐录音：国际首席爱乐乐团首席李朋\r\n[00:19.73]你问风为什么托着候鸟飞翔\r\n[00:25.26]却又吹的让他慌张\r\n[00:29.57]你问雨为什么滋养万物生长\r\n[00:35.10]却也湿透他的衣裳\r\n[00:39.69]你问他为什么亲吻他的伤疤\r\n[00:45.21]却又不能带他回家\r\n[00:50.44]你问我为什么还是不敢放下\r\n[00:55.16]明知听不到回答\r\n[00:59.88]如果光已忘了要将前方照亮\r\n[01:05.22]你会握着我的手吗\r\n[01:10.09]如果路会通往不知名的地方\r\n[01:15.21]你会跟我一起走吗\r\n[01:19.75]一生太短一瞬好长\r\n[01:24.53]我们哭着醒来\r\n[01:27.80]又哭着遗忘\r\n[01:30.18]幸好啊\r\n[01:32.53]你的手曾落在我肩膀\r\n[01:39.45]就像空中漂浮的\r\n[01:42.10]渺小的某颗尘土\r\n[01:49.81]它到底为什么\r\n[01:52.52]为什么不肯停驻\r\n[02:00.14]直到乌云散去\r\n[02:06.57]风雨落幕\r\n[02:10.42]他会带你找到\r\n[02:14.69]光的来处\r\n[02:19.53]就像手边落满了\r\n[02:22.12]灰尘的某一本书\r\n[02:30.05]它可曾单薄地\r\n[02:32.39]承载了谁的酸楚\r\n[02:40.29]尽管岁月无声\r\n[02:46.65]流向迟暮\r\n[02:50.37]他会让你想起\r\n[02:54.44]你的归途\r\n[03:44.98]如果光已忘了要将前方照亮\r\n[03:50.71]你会握着我的手吗\r\n[03:55.92]如果路会通往不知名的地方\r\n[04:01.52]你会跟我一起走吗', 259.00, '流行,轻音乐,影视音乐', '靖王');
INSERT INTO `song` VALUES (40, '胡歌-忘记时间', 8, '胡歌', NULL, '国语', 148, 14, 0, '2020-11-18 20:03:04', '2020-11-18 20:03:04', 'other/upload/胡歌/胡歌-忘记时间.mp3', '[00:03.25]胡歌 - 忘记时间\r\n[00:05.10]作词：孙艺\r\n[00:06.35]作曲：程振兴\r\n[00:32.76]沉默着走了有 多遥远\r\n[00:40.40]抬起头 蓦然间 才发现\r\n[00:47.38]一直倒退 倒退到原点\r\n[00:54.86]倔强坚持 对抗时间\r\n[01:02.43]说好了的永远 断了线\r\n[01:09.91]期许了 不变的 却都已改变\r\n[01:16.93]紧闭 双眼 才能看得见\r\n[01:23.94]那些曾经温暖 鲜艳过的画面\r\n[01:30.79]渐渐地忘记 赶不上明天\r\n[01:34.44]只要用力地抓紧了想念\r\n[01:38.51]明天再也 没有你的笑脸\r\n[01:45.49]渐渐地忘记 忘记了时间\r\n[01:49.26]我只要沿着记忆的路线\r\n[01:53.44]到最深处 纵然那只是瞬间\r\n[02:01.63]当眼泪 滑落的 是句点\r\n[02:08.88]心里面 始终你 从没有走远\r\n[02:15.67]耳边 誓言 还在回旋\r\n[02:22.91]我会好好珍惜 没有你的明天\r\n[02:59.43]渐渐地忘记 赶不上明天\r\n[03:02.93]只要用力地抓紧了想念\r\n[03:07.18]明天再也 没有你的笑脸\r\n[03:14.25]渐渐地忘记 忘记了时间\r\n[03:17.91]我只要沿着记忆的路线\r\n[03:22.17]到最深处 纵然那只是瞬间\r\n[03:28.91]渐渐地忘记 忘记了时间\r\n[03:32.59]我只要沿着记忆的路线\r\n[03:37.02]到最深处 纵然那只是瞬间', 272.00, '流行,情歌,国语', '靖王');
INSERT INTO `song` VALUES (41, '胡歌-逍遥叹', 8, '胡歌', NULL, '国语', 47, 35, 0, '2020-11-18 20:04:03', '2020-11-18 20:04:03', 'other/upload/胡歌/胡歌-逍遥叹.mp3', '[00:00.01]胡歌 - 逍遥叹\r\n[00:02.15]词：Funck\r\n[00:03.06]曲：Funck\r\n[00:24.97]岁月难得沉默\r\n[00:28.29]秋风厌倦漂泊\r\n[00:31.61]夕阳赖着不走\r\n[00:34.17]挂在墙头舍不得我\r\n[00:38.22]昔日伊人耳边话\r\n[00:41.60]已和潮声向东流\r\n[00:44.97]再回首往事也随\r\n[00:48.20]枫叶一片片落\r\n[00:51.88]爱已走到尽头\r\n[00:54.85]恨也放弃承诺\r\n[00:58.32]命运自认幽默想法太多\r\n[01:02.37]由不得我\r\n[01:04.91]壮志凌云几分愁\r\n[01:08.28]知己难逢几人留\r\n[01:11.54]再回首\r\n[01:13.25]却闻笑传醉梦中\r\n[01:19.58]笑叹词穷\r\n[01:21.65]古痴今狂终成空\r\n[01:26.09]刀钝刃乏恩断义绝\r\n[01:29.96]梦方破\r\n[01:32.83]路荒已叹饱览足迹\r\n[01:36.56]没人懂\r\n[01:39.44]多年望眼欲穿过\r\n[01:42.55]红尘滚滚我没看透\r\n[01:46.14]自嘲墨尽千情万怨\r\n[01:49.90]英杰愁\r\n[01:52.87]曲终人散发花鬓白\r\n[01:56.60]红颜殁\r\n[01:59.52]烛残未觉与日争辉\r\n[02:03.23]图消瘦\r\n[02:06.11]当泪干血隐狂涌\r\n[02:09.15]白雪纷飞都成空\r\n[02:38.49]爱已走到尽头\r\n[02:41.57]恨也放弃承诺\r\n[02:44.89]命运自认幽默想法太多\r\n[02:49.12]由不得我\r\n[02:51.82]壮志凌云几分愁知己\r\n[02:55.70]难逢几人留\r\n[02:58.21]再回首却闻笑传醉梦中\r\n[03:06.16]笑叹词穷古痴今狂终成空\r\n[03:12.83]刀钝刃乏恩断义绝梦方破\r\n[03:19.51]路荒已叹饱览足迹没人懂\r\n[03:26.12]多年望眼欲穿过\r\n[03:29.19]红尘滚滚我没看透\r\n[03:32.85]自嘲墨尽\r\n[03:34.94]千情万怨英杰愁\r\n[03:39.48]曲终人散发\r\n[03:41.94]花鬓白红颜殁\r\n[03:46.15]烛残未觉\r\n[03:48.23]与日争辉图消瘦\r\n[03:52.82]当泪干血隐狂涌\r\n[03:55.85]白雪纷飞都成空\r\n[03:59.47]笑叹词穷\r\n[04:01.50]古痴今狂终成空\r\n[04:06.16]刀钝刃乏恩断义绝\r\n[04:09.89]梦方破\r\n[04:12.75]路荒已叹饱览\r\n[04:15.69]足迹没人懂\r\n[04:19.44]多年望眼欲穿过\r\n[04:22.46]红尘滚滚我没看透\r\n[04:26.17]自嘲墨尽\r\n[04:28.30]千情万怨英杰愁\r\n[04:32.82]曲终人散\r\n[04:34.93]发花鬓白红颜殁\r\n[04:39.49]烛残未觉\r\n[04:41.63]与日争辉图消瘦\r\n[04:46.13]当泪干血隐狂涌\r\n[04:49.17]白雪纷飞都成空', 325.00, '流行,轻音乐', '靖王');
INSERT INTO `song` VALUES (42, '胡歌-六月的雨', 8, '胡歌', NULL, '国语', 874, 45, 0, '2020-11-18 20:07:34', '2020-11-18 20:07:34', 'other/upload/胡歌/胡歌-六月的雨.mp3', '[00:00.00] 暂无歌词', 228.00, '流行,情歌,影视音乐,现代', '靖王');
INSERT INTO `song` VALUES (43, '王力宏-唯一', 4, '王力宏', NULL, '国语', 1547, 44, 0, '2020-11-18 20:08:39', '2020-11-18 20:08:39', 'other/upload/王力宏/王力宏-唯一.mp3', '[00:00.25]萌萌哒天团 - 唯一\r\n[00:01.01]作词：芊芊\r\n[00:01.77]作曲：芊芊\r\n[00:18.29]说好生生世世在一起\r\n[00:22.24]但不知为何每一世都找不到你\r\n[00:26.23]如果不小心找到了你\r\n[00:30.17]老天任何考验也不要与我别离\r\n[00:34.22]当初在天庭相遇情景清晰\r\n[00:38.16]不切实际的寻寻觅觅\r\n[00:42.15]却换来满心的悲与凄\r\n[00:46.20]不再相信两情总依依\r\n[00:49.78]万杞梁和孟姜女\r\n[00:53.01]万里长城也只是绝壁\r\n[00:57.21]而那梁山伯与祝英台\r\n[01:00.95]生死相随竟是蝴蝶意\r\n[01:05.13]明明白白的愿力加业力\r\n[01:09.02]看不见的世界都在天上\r\n[01:13.12]看得见的世界在身旁\r\n[01:17.01]真心都叫做唯一\r\n[01:38.14]时空的差距眼神交集\r\n[01:42.13]只为你那短暂的笑颜舍命不惜\r\n[01:46.18]爱在错的时机泪着地\r\n[01:50.15]坚持着无悔的决定我依然孤寂\r\n[01:54.15]是目眩神迷从来不忘自己\r\n[01:58.14]深情的胸襟有过泪滴\r\n[02:02.09]无畏惧痛在心隐于底\r\n[02:06.18]捍卫你是使命别问起\r\n[02:09.71]万杞梁和孟姜女\r\n[02:12.95]万里长城也只是绝壁\r\n[02:17.15]而那梁山伯与祝英台\r\n[02:20.95]生死相随竟是蝴蝶意\r\n[02:25.09]明明白白的愿力加业力\r\n[02:28.93]看不见的世界都在天上\r\n[02:33.13]看得见的世界在身旁\r\n[02:36.91]真心都叫做唯一\r\n[02:41.76]万杞梁和孟姜女\r\n[02:45.00]万里长城也只是绝壁\r\n[02:49.09]而那梁山伯与祝英台\r\n[02:52.98]生死相随竟是蝴蝶意\r\n[02:57.12]明明白白的愿力加业力\r\n[03:00.96]看不见的世界都在天上\r\n[03:05.10]看得见的世界在身旁\r\n[03:08.94]真心都叫做唯一\r\n[03:14.30]真心都叫做唯一', 262.00, '流行,国语,现代', '靖王');

-- ----------------------------
-- Table structure for songlist
-- ----------------------------
DROP TABLE IF EXISTS `songlist`;
CREATE TABLE `songlist`  (
  `songListId` int(11) NOT NULL AUTO_INCREMENT COMMENT '歌单ID',
  `name` varchar(50) CHARACTER SET utf8 COLLATE utf8_unicode_ci NOT NULL COMMENT '歌单名称',
  `userId` int(11) NOT NULL COMMENT '用户ID',
  `accessCount` int(11) NOT NULL DEFAULT 0 COMMENT '热度，访问次数，默认为0',
  `introduction` text CHARACTER SET utf8 COLLATE utf8_unicode_ci NULL COMMENT '歌单简介',
  `collectionCount` int(11) NOT NULL COMMENT '收藏次数',
  `tags` varchar(255) CHARACTER SET utf8 COLLATE utf8_unicode_ci NULL DEFAULT NULL COMMENT '歌单标签',
  `photoUrl` varchar(255) CHARACTER SET utf8 COLLATE utf8_unicode_ci NULL DEFAULT NULL COMMENT '歌单图标',
  `createDate` datetime(0) NOT NULL COMMENT '歌单创建日期',
  `updateDate` datetime(0) NOT NULL COMMENT '歌单更新日期',
  PRIMARY KEY (`songListId`) USING BTREE,
  INDEX `FK_Reference_5`(`userId`) USING BTREE,
  CONSTRAINT `FK_Reference_5` FOREIGN KEY (`userId`) REFERENCES `user` (`userId`) ON DELETE RESTRICT ON UPDATE RESTRICT
) ENGINE = InnoDB AUTO_INCREMENT = 1 CHARACTER SET = utf8 COLLATE = utf8_unicode_ci ROW_FORMAT = Dynamic;

-- ----------------------------
-- Table structure for songlistwithsong
-- ----------------------------
DROP TABLE IF EXISTS `songlistwithsong`;
CREATE TABLE `songlistwithsong`  (
  `id` int(11) NOT NULL AUTO_INCREMENT COMMENT '歌单歌曲ID',
  `songListId` int(11) NOT NULL COMMENT '歌单编号，外键',
  `songId` int(11) NOT NULL COMMENT '歌曲编号，外键',
  `createTime` datetime(0) NOT NULL COMMENT '创建时间',
  PRIMARY KEY (`id`) USING BTREE,
  INDEX `FK_Reference_6`(`songListId`) USING BTREE,
  INDEX `FK_Reference_7`(`songId`) USING BTREE,
  CONSTRAINT `FK_Reference_6` FOREIGN KEY (`songListId`) REFERENCES `songlist` (`songListId`) ON DELETE RESTRICT ON UPDATE RESTRICT,
  CONSTRAINT `FK_Reference_7` FOREIGN KEY (`songId`) REFERENCES `song` (`songId`) ON DELETE RESTRICT ON UPDATE RESTRICT
) ENGINE = InnoDB AUTO_INCREMENT = 1 CHARACTER SET = utf8 COLLATE = utf8_unicode_ci ROW_FORMAT = Dynamic;

-- ----------------------------
-- Table structure for type
-- ----------------------------
DROP TABLE IF EXISTS `type`;
CREATE TABLE `type`  (
  `typeId` int(11) NOT NULL AUTO_INCREMENT COMMENT '类型ID',
  `name` varchar(50) CHARACTER SET utf8 COLLATE utf8_unicode_ci NOT NULL COMMENT '类型名称',
  `songCount` int(255) NOT NULL COMMENT '歌曲数量',
  PRIMARY KEY (`typeId`) USING BTREE
) ENGINE = InnoDB AUTO_INCREMENT = 13 CHARACTER SET = utf8 COLLATE = utf8_unicode_ci ROW_FORMAT = Dynamic;

-- ----------------------------
-- Records of type
-- ----------------------------
INSERT INTO `type` VALUES (1, '流行', 20);
INSERT INTO `type` VALUES (2, '摇滚', 3);
INSERT INTO `type` VALUES (3, '情歌', 6);
INSERT INTO `type` VALUES (4, '古典', 0);
INSERT INTO `type` VALUES (5, '轻音乐', 3);
INSERT INTO `type` VALUES (6, '说唱', 0);
INSERT INTO `type` VALUES (7, '中国风', 0);
INSERT INTO `type` VALUES (8, '粤语', 0);
INSERT INTO `type` VALUES (9, '国语', 5);
INSERT INTO `type` VALUES (10, '英语', 0);
INSERT INTO `type` VALUES (11, '现代', 3);
INSERT INTO `type` VALUES (12, '影视音乐', 3);

-- ----------------------------
-- Table structure for user
-- ----------------------------
DROP TABLE IF EXISTS `user`;
CREATE TABLE `user`  (
  `userId` int(11) NOT NULL AUTO_INCREMENT COMMENT '用户编号',
  `username` varchar(30) CHARACTER SET utf8 COLLATE utf8_unicode_ci NOT NULL COMMENT '用户账号',
  `password` varchar(64) CHARACTER SET utf8 COLLATE utf8_unicode_ci NOT NULL COMMENT '用户密码',
  `name` varchar(50) CHARACTER SET utf8 COLLATE utf8_unicode_ci NOT NULL COMMENT '用户名称',
  `sex` tinyint(1) NOT NULL COMMENT '用户性别（0未知1男2女）',
  `email` char(30) CHARACTER SET utf8 COLLATE utf8_unicode_ci NULL DEFAULT NULL COMMENT '邮箱',
  `phone` char(11) CHARACTER SET utf8 COLLATE utf8_unicode_ci NULL DEFAULT NULL COMMENT '手机',
  `birth` datetime(0) NULL DEFAULT NULL COMMENT '生日',
  `type` tinyint(1) NOT NULL COMMENT '用户类型（0普通用户，1VIP用户）',
  `sign` varchar(255) CHARACTER SET utf8 COLLATE utf8_unicode_ci NULL DEFAULT NULL COMMENT '个人签名',
  `avatar` varchar(255) CHARACTER SET utf8 COLLATE utf8_unicode_ci NULL DEFAULT NULL COMMENT '头像',
  `createDate` datetime(0) NOT NULL COMMENT '创建日期',
  `updateDate` datetime(0) NOT NULL COMMENT '更新日期',
  `vipDate` datetime(0) NULL DEFAULT NULL COMMENT 'vip到期日期',
  `active` tinyint(255) NOT NULL COMMENT '用户是否激活（0未激活1已激活）',
  PRIMARY KEY (`userId`) USING BTREE
) ENGINE = InnoDB AUTO_INCREMENT = 8 CHARACTER SET = utf8 COLLATE = utf8_unicode_ci ROW_FORMAT = Dynamic;

-- ----------------------------
-- Records of user
-- ----------------------------
INSERT INTO `user` VALUES (4, 'wj2856379842', 'wj2856379842', '小青', 0, 'wj2856379842@163.com', NULL, NULL, 0, NULL, 'page/user/assets/img/demo/u6.png', '2020-11-16 15:33:22', '2020-11-16 15:33:22', NULL, 1);
INSERT INTO `user` VALUES (5, 'wj2353775570', 'wj2353775570', '小王', 0, 'wj2856379842@163.com', NULL, NULL, 0, NULL, 'page/user/assets/img/demo/u6.png', '2020-11-18 14:31:59', '2020-11-18 14:31:59', NULL, 1);
INSERT INTO `user` VALUES (6, 'wangjing123', 'wangjing123', '靖王', 0, 'wj2856379842@163.com', NULL, NULL, 0, NULL, 'page/user/assets/img/demo/u6.png', '2020-11-19 12:43:29', '2020-11-19 12:43:29', NULL, 0);
INSERT INTO `user` VALUES (7, '2856379842', 'wangjing123', '靖王爷', 0, '2856379842@qq.com', NULL, NULL, 0, NULL, 'page/user/assets/img/demo/u6.png', '2020-11-19 12:46:56', '2020-11-19 12:46:56', NULL, 0);

SET FOREIGN_KEY_CHECKS = 1;
